{
  "version": "2024.1",
  "applications": [],
  "platforms": [
    {
      "name": "ue_hw"
    }
  ],
  "systems": [
    {
      "name": "ethernet_dac_system",
      "platform": "/home/DAT096/Y2025/M1/Sid/ue_working_project/ue_sw/ue_hw/export/ue_hw/ue_hw.xpfm",
      "sysConfig": "ue_hw",
      "buildConfig": "Debug",
      "applications": [
        {
          "name": "ethernet_dac",
          "platform": "/home/DAT096/Y2025/M1/Sid/ue_working_project/ue_sw/ue_hw/export/ue_hw/ue_hw.xpfm",
          "platformPath": "/home/DAT096/Y2025/M1/Sid/ue_working_project/ue_sw/ue_hw/export/ue_hw",
          "sysConfig": "ue_hw",
          "domain": "standalone_domain",
          "system": "ethernet_dac_system"
        }
      ],
      "platformPath": "/home/DAT096/Y2025/M1/Sid/ue_working_project/ue_sw/ue_hw/export/ue_hw"
    },
    {
      "name": "ue_adc_sw_system",
      "platform": "/home/DAT096/Y2025/M1/Sid/ue_working_project/ue_sw/ue_hw/export/ue_hw/ue_hw.xpfm",
      "sysConfig": "ue_hw",
      "buildConfig": "Debug",
      "applications": [
        {
          "name": "ue_adc_sw",
          "platform": "/home/DAT096/Y2025/M1/Sid/ue_working_project/ue_sw/ue_hw/export/ue_hw/ue_hw.xpfm",
          "platformPath": "/home/DAT096/Y2025/M1/Sid/ue_working_project/ue_sw/ue_hw/export/ue_hw",
          "sysConfig": "ue_hw",
          "domain": "standalone_domain",
          "system": "ue_adc_sw_system"
        }
      ],
      "platformPath": "/home/DAT096/Y2025/M1/Sid/ue_working_project/ue_sw/ue_hw/export/ue_hw"
    }
  ],
  "others": []
}